{"gradients/value_net.bias": {"_type": "histogram", "values": [0.0, 0.0, 0.0, 0.0, 0.0, 0.0, 0.0, 0.0, 0.0, 0.0, 0.0, 0.0, 0.0, 0.0, 0.0, 0.0, 0.0, 0.0, 0.0, 0.0, 0.0, 0.0, 0.0, 0.0, 0.0, 0.0, 0.0, 0.0, 0.0, 0.0, 0.0, 0.0, 1.0, 0.0, 0.0, 0.0, 0.0, 0.0, 0.0, 0.0, 0.0, 0.0, 0.0, 0.0, 0.0, 0.0, 0.0, 0.0, 0.0, 0.0, 0.0, 0.0, 0.0, 0.0, 0.0, 0.0, 0.0, 0.0, 0.0, 0.0, 0.0, 0.0, 0.0, 0.0], "bins": [0.020729772746562958, 0.020729772746562958, 0.020729772746562958, 0.020729772746562958, 0.020729772746562958, 0.020729772746562958, 0.020729772746562958, 0.020729772746562958, 0.020729772746562958, 0.020729772746562958, 0.020729772746562958, 0.020729772746562958, 0.020729772746562958, 0.020729772746562958, 0.020729772746562958, 0.020729772746562958, 0.020729772746562958, 0.020729772746562958, 0.020729772746562958, 0.020729772746562958, 0.020729772746562958, 0.020729772746562958, 0.020729772746562958, 0.020729772746562958, 0.020729772746562958, 0.020729772746562958, 0.020729772746562958, 0.020729772746562958, 0.020729772746562958, 0.020729772746562958, 0.020729772746562958, 0.020729772746562958, 0.020729772746562958, 0.020729772746562958, 0.020729772746562958, 0.020729772746562958, 0.020729772746562958, 0.020729772746562958, 0.020729772746562958, 0.020729772746562958, 0.020729772746562958, 0.020729772746562958, 0.020729772746562958, 0.020729772746562958, 0.020729772746562958, 0.020729772746562958, 0.020729772746562958, 0.020729772746562958, 0.020729772746562958, 0.020729772746562958, 0.020729772746562958, 0.020729772746562958, 0.020729772746562958, 0.020729772746562958, 0.020729772746562958, 0.020729772746562958, 0.020729772746562958, 0.020729772746562958, 0.020729772746562958, 0.020729772746562958, 0.020729772746562958, 0.020729772746562958, 0.020729772746562958, 0.020729772746562958, 0.020729772746562958]}, "gradients/value_net.weight": {"_type": "histogram", "values": [1.0, 1.0, 0.0, 0.0, 0.0, 0.0, 0.0, 0.0, 0.0, 0.0, 1.0, 0.0, 1.0, 0.0, 0.0, 0.0, 0.0, 0.0, 0.0, 0.0, 0.0, 0.0, 2.0, 0.0, 0.0, 0.0, 0.0, 0.0, 1.0, 1.0, 0.0, 0.0, 0.0, 0.0, 0.0, 0.0, 0.0, 0.0, 0.0, 0.0, 0.0, 0.0, 0.0, 0.0, 0.0, 0.0, 0.0, 1.0, 0.0, 0.0, 0.0, 0.0, 0.0, 0.0, 0.0, 0.0, 0.0, 0.0, 0.0, 0.0, 0.0, 0.0, 0.0, 1.0], "bins": [-0.00018852193898055702, -0.00017936795484274626, -0.0001702139707049355, -0.00016105998656712472, -0.00015190600242931396, -0.0001427520182915032, -0.00013359804870560765, -0.00012444405001588166, -0.0001152900731540285, -0.00010613608901621774, -9.698210487840697e-05, -8.782812801655382e-05, -7.867414387874305e-05, -6.952015974093229e-05, -6.036617560312152e-05, -5.121219146531075e-05, -4.2058207327499986e-05, -3.290422318968922e-05, -2.3750240870867856e-05, -1.4596258552046493e-05, -5.442274414235726e-06, 3.7117097235750407e-06, 1.2865690223407e-05, 2.2019674361217767e-05, 3.117365122307092e-05, 4.0327635360881686e-05, 4.948161949869245e-05, 5.863559999852441e-05, 6.778958777431399e-05, 7.694357191212475e-05, 8.60975487739779e-05, 9.525153291178867e-05, 0.00010440550977364182, 0.00011355949391145259, 0.00012271347804926336, 0.00013186746218707412, 0.0001410214463248849, 0.00015017543046269566, 0.00015932941460050642, 0.00016848338418640196, 0.00017763738287612796, 0.00018679136701393872, 0.0001959453511517495, 0.00020509933528956026, 0.00021425331942737103, 0.0002234073035651818, 0.00023256128770299256, 0.0002417152572888881, 0.0002508692559786141, 0.00026002322556450963, 0.0002691772242542356, 0.00027833119384013116, 0.00028748519252985716, 0.0002966391621157527, 0.0003057931608054787, 0.00031494713039137423, 0.00032410109997726977, 0.0003332550695631653, 0.0003424090682528913, 0.00035156303783878684, 0.00036071703652851284, 0.0003698710061144084, 0.00037902500480413437, 0.0003881789743900299, 0.0003973329730797559]}, "gradients/log_std": {"_type": "histogram", "values": [0.0, 0.0, 0.0, 0.0, 0.0, 0.0, 0.0, 0.0, 0.0, 0.0, 0.0, 0.0, 0.0, 0.0, 0.0, 0.0, 0.0, 0.0, 0.0, 0.0, 0.0, 0.0, 0.0, 0.0, 0.0, 0.0, 0.0, 0.0, 0.0, 0.0, 0.0, 0.0, 1.0, 0.0, 0.0, 0.0, 0.0, 0.0, 0.0, 0.0, 0.0, 0.0, 0.0, 0.0, 0.0, 0.0, 0.0, 0.0, 0.0, 0.0, 0.0, 0.0, 0.0, 0.0, 0.0, 0.0, 0.0, 0.0, 0.0, 0.0, 0.0, 0.0, 0.0, 0.0], "bins": [0.021940438076853752, 0.021940438076853752, 0.021940438076853752, 0.021940438076853752, 0.021940438076853752, 0.021940438076853752, 0.021940438076853752, 0.021940438076853752, 0.021940438076853752, 0.021940438076853752, 0.021940438076853752, 0.021940438076853752, 0.021940438076853752, 0.021940438076853752, 0.021940438076853752, 0.021940438076853752, 0.021940438076853752, 0.021940438076853752, 0.021940438076853752, 0.021940438076853752, 0.021940438076853752, 0.021940438076853752, 0.021940438076853752, 0.021940438076853752, 0.021940438076853752, 0.021940438076853752, 0.021940438076853752, 0.021940438076853752, 0.021940438076853752, 0.021940438076853752, 0.021940438076853752, 0.021940438076853752, 0.021940438076853752, 0.021940438076853752, 0.021940438076853752, 0.021940438076853752, 0.021940438076853752, 0.021940438076853752, 0.021940438076853752, 0.021940438076853752, 0.021940438076853752, 0.021940438076853752, 0.021940438076853752, 0.021940438076853752, 0.021940438076853752, 0.021940438076853752, 0.021940438076853752, 0.021940438076853752, 0.021940438076853752, 0.021940438076853752, 0.021940438076853752, 0.021940438076853752, 0.021940438076853752, 0.021940438076853752, 0.021940438076853752, 0.021940438076853752, 0.021940438076853752, 0.021940438076853752, 0.021940438076853752, 0.021940438076853752, 0.021940438076853752, 0.021940438076853752, 0.021940438076853752, 0.021940438076853752, 0.021940438076853752]}, "gradients/action_net.bias": {"_type": "histogram", "values": [0.0, 0.0, 0.0, 0.0, 0.0, 0.0, 0.0, 0.0, 0.0, 0.0, 0.0, 0.0, 0.0, 0.0, 0.0, 0.0, 0.0, 0.0, 0.0, 0.0, 0.0, 0.0, 0.0, 0.0, 0.0, 0.0, 0.0, 0.0, 0.0, 0.0, 0.0, 0.0, 1.0, 0.0, 0.0, 0.0, 0.0, 0.0, 0.0, 0.0, 0.0, 0.0, 0.0, 0.0, 0.0, 0.0, 0.0, 0.0, 0.0, 0.0, 0.0, 0.0, 0.0, 0.0, 0.0, 0.0, 0.0, 0.0, 0.0, 0.0, 0.0, 0.0, 0.0, 0.0], "bins": [0.022915620356798172, 0.022915620356798172, 0.022915620356798172, 0.022915620356798172, 0.022915620356798172, 0.022915620356798172, 0.022915620356798172, 0.022915620356798172, 0.022915620356798172, 0.022915620356798172, 0.022915620356798172, 0.022915620356798172, 0.022915620356798172, 0.022915620356798172, 0.022915620356798172, 0.022915620356798172, 0.022915620356798172, 0.022915620356798172, 0.022915620356798172, 0.022915620356798172, 0.022915620356798172, 0.022915620356798172, 0.022915620356798172, 0.022915620356798172, 0.022915620356798172, 0.022915620356798172, 0.022915620356798172, 0.022915620356798172, 0.022915620356798172, 0.022915620356798172, 0.022915620356798172, 0.022915620356798172, 0.022915620356798172, 0.022915620356798172, 0.022915620356798172, 0.022915620356798172, 0.022915620356798172, 0.022915620356798172, 0.022915620356798172, 0.022915620356798172, 0.022915620356798172, 0.022915620356798172, 0.022915620356798172, 0.022915620356798172, 0.022915620356798172, 0.022915620356798172, 0.022915620356798172, 0.022915620356798172, 0.022915620356798172, 0.022915620356798172, 0.022915620356798172, 0.022915620356798172, 0.022915620356798172, 0.022915620356798172, 0.022915620356798172, 0.022915620356798172, 0.022915620356798172, 0.022915620356798172, 0.022915620356798172, 0.022915620356798172, 0.022915620356798172, 0.022915620356798172, 0.022915620356798172, 0.022915620356798172, 0.022915620356798172]}, "gradients/action_net.weight": {"_type": "histogram", "values": [1.0, 0.0, 0.0, 0.0, 0.0, 0.0, 0.0, 0.0, 0.0, 0.0, 0.0, 0.0, 0.0, 0.0, 0.0, 0.0, 0.0, 1.0, 0.0, 0.0, 0.0, 0.0, 0.0, 0.0, 0.0, 0.0, 0.0, 1.0, 0.0, 0.0, 0.0, 0.0, 0.0, 0.0, 0.0, 0.0, 0.0, 0.0, 0.0, 1.0, 0.0, 0.0, 0.0, 0.0, 0.0, 1.0, 1.0, 0.0, 0.0, 0.0, 0.0, 0.0, 1.0, 0.0, 0.0, 1.0, 0.0, 0.0, 0.0, 0.0, 0.0, 1.0, 0.0, 1.0],