{"gradients/value_net.bias": {"_type": "histogram", "values": [0.0, 0.0, 0.0, 0.0, 0.0, 0.0, 0.0, 0.0, 0.0, 0.0, 0.0, 0.0, 0.0, 0.0, 0.0, 0.0, 0.0, 0.0, 0.0, 0.0, 0.0, 0.0, 0.0, 0.0, 0.0, 0.0, 0.0, 0.0, 0.0, 0.0, 0.0, 0.0, 1.0, 0.0, 0.0, 0.0, 0.0, 0.0, 0.0, 0.0, 0.0, 0.0, 0.0, 0.0, 0.0, 0.0, 0.0, 0.0, 0.0, 0.0, 0.0, 0.0, 0.0, 0.0, 0.0, 0.0, 0.0, 0.0, 0.0, 0.0, 0.0, 0.0, 0.0, 0.0], "bins": [0.008450573310256004, 0.008450573310256004, 0.008450573310256004, 0.008450573310256004, 0.008450573310256004, 0.008450573310256004, 0.008450573310256004, 0.008450573310256004, 0.008450573310256004, 0.008450573310256004, 0.008450573310256004, 0.008450573310256004, 0.008450573310256004, 0.008450573310256004, 0.008450573310256004, 0.008450573310256004, 0.008450573310256004, 0.008450573310256004, 0.008450573310256004, 0.008450573310256004, 0.008450573310256004, 0.008450573310256004, 0.008450573310256004, 0.008450573310256004, 0.008450573310256004, 0.008450573310256004, 0.008450573310256004, 0.008450573310256004, 0.008450573310256004, 0.008450573310256004, 0.008450573310256004, 0.008450573310256004, 0.008450573310256004, 0.008450573310256004, 0.008450573310256004, 0.008450573310256004, 0.008450573310256004, 0.008450573310256004, 0.008450573310256004, 0.008450573310256004, 0.008450573310256004, 0.008450573310256004, 0.008450573310256004, 0.008450573310256004, 0.008450573310256004, 0.008450573310256004, 0.008450573310256004, 0.008450573310256004, 0.008450573310256004, 0.008450573310256004, 0.008450573310256004, 0.008450573310256004, 0.008450573310256004, 0.008450573310256004, 0.008450573310256004, 0.008450573310256004, 0.008450573310256004, 0.008450573310256004, 0.008450573310256004, 0.008450573310256004, 0.008450573310256004, 0.008450573310256004, 0.008450573310256004, 0.008450573310256004, 0.008450573310256004]}, "gradients/value_net.weight": {"_type": "histogram", "values": [1.0, 2.0, 0.0, 0.0, 0.0, 0.0, 0.0, 0.0, 0.0, 1.0, 0.0, 0.0, 0.0, 0.0, 0.0, 0.0, 0.0, 0.0, 0.0, 0.0, 0.0, 0.0, 0.0, 0.0, 0.0, 0.0, 0.0, 0.0, 0.0, 0.0, 0.0, 0.0, 0.0, 0.0, 0.0, 0.0, 0.0, 0.0, 0.0, 0.0, 0.0, 0.0, 0.0, 0.0, 0.0, 0.0, 0.0, 0.0, 0.0, 0.0, 0.0, 0.0, 0.0, 0.0, 1.0, 0.0, 0.0, 0.0, 0.0, 2.0, 1.0, 1.0, 0.0, 1.0], "bins": [-0.0010182538535445929, -0.000986156053841114, -0.0009540582541376352, -0.0009219603962264955, -0.0008898625965230167, -0.0008577647968195379, -0.0008256669389083982, -0.0007935691392049193, -0.0007614713395014405, -0.0007293735397979617, -0.0006972757400944829, -0.0006651778821833432, -0.0006330800824798644, -0.0006009822827763855, -0.0005688844248652458, -0.000536786625161767, -0.0005046888254582882, -0.0004725910257548094, -0.0004404931969475001, -0.00040839536814019084, -0.000376297568436712, -0.0003441997687332332, -0.00031210193992592394, -0.0002800041111186147, -0.00024790631141513586, -0.00021580849715974182, -0.00018371068290434778, -0.00015161286864895374, -0.0001195150543935597, -8.741724013816565e-05, -5.531942588277161e-05, -2.322161162737757e-05, 8.876202628016472e-06, 4.0974016883410513e-05, 7.307183113880455e-05, 0.0001051696453941986, 0.00013726745964959264, 0.00016936527390498668, 0.00020146308816038072, 0.00023356090241577476, 0.0002656587166711688, 0.0002977565163746476, 0.0003298543451819569, 0.00036195217398926616, 0.00039404997369274497, 0.0004261477733962238, 0.00045824560220353305, 0.0004903434310108423, 0.0005224412307143211, 0.0005545390304178, 0.0005866368301212788, 0.0006187346880324185, 0.0006508324877358973, 0.0006829302874393761, 0.0007150281453505158, 0.0007471259450539947, 0.0007792237447574735, 0.0008113215444609523, 0.0008434193441644311, 0.0008755172020755708, 0.0009076150017790496, 0.0009397128014825284, 0.0009718106593936682, 0.001003908459097147, 0.0010360062588006258]}, "gradients/log_std": {"_type": "histogram", "values": [0.0, 0.0, 0.0, 0.0, 0.0, 0.0, 0.0, 0.0, 0.0, 0.0, 0.0, 0.0, 0.0, 0.0, 0.0, 0.0, 0.0, 0.0, 0.0, 0.0, 0.0, 0.0, 0.0, 0.0, 0.0, 0.0, 0.0, 0.0, 0.0, 0.0, 0.0, 0.0, 1.0, 0.0, 0.0, 0.0, 0.0, 0.0, 0.0, 0.0, 0.0, 0.0, 0.0, 0.0, 0.0, 0.0, 0.0, 0.0, 0.0, 0.0, 0.0, 0.0, 0.0, 0.0, 0.0, 0.0, 0.0, 0.0, 0.0, 0.0, 0.0, 0.0, 0.0, 0.0], "bins": [0.0016161635285243392, 0.0016161635285243392, 0.0016161635285243392, 0.0016161635285243392, 0.0016161635285243392, 0.0016161635285243392, 0.0016161635285243392, 0.0016161635285243392, 0.0016161635285243392, 0.0016161635285243392, 0.0016161635285243392, 0.0016161635285243392, 0.0016161635285243392, 0.0016161635285243392, 0.0016161635285243392, 0.0016161635285243392, 0.0016161635285243392, 0.0016161635285243392, 0.0016161635285243392, 0.0016161635285243392, 0.0016161635285243392, 0.0016161635285243392, 0.0016161635285243392, 0.0016161635285243392, 0.0016161635285243392, 0.0016161635285243392, 0.0016161635285243392, 0.0016161635285243392, 0.0016161635285243392, 0.0016161635285243392, 0.0016161635285243392, 0.0016161635285243392, 0.0016161635285243392, 0.0016161635285243392, 0.0016161635285243392, 0.0016161635285243392, 0.0016161635285243392, 0.0016161635285243392, 0.0016161635285243392, 0.0016161635285243392, 0.0016161635285243392, 0.0016161635285243392, 0.0016161635285243392, 0.0016161635285243392, 0.0016161635285243392, 0.0016161635285243392, 0.0016161635285243392, 0.0016161635285243392, 0.0016161635285243392, 0.0016161635285243392, 0.0016161635285243392, 0.0016161635285243392, 0.0016161635285243392, 0.0016161635285243392, 0.0016161635285243392, 0.0016161635285243392, 0.0016161635285243392, 0.0016161635285243392, 0.0016161635285243392, 0.0016161635285243392, 0.0016161635285243392, 0.0016161635285243392, 0.0016161635285243392, 0.0016161635285243392, 0.0016161635285243392]}, "gradients/action_net.bias": {"_type": "histogram", "values": [0.0, 0.0, 0.0, 0.0, 0.0, 0.0, 0.0, 0.0, 0.0, 0.0, 0.0, 0.0, 0.0, 0.0, 0.0, 0.0, 0.0, 0.0, 0.0, 0.0, 0.0, 0.0, 0.0, 0.0, 0.0, 0.0, 0.0, 0.0, 0.0, 0.0, 0.0, 1.0, 0.0, 0.0, 0.0, 0.0, 0.0, 0.0, 0.0, 0.0, 0.0, 0.0, 0.0, 0.0, 0.0, 0.0, 0.0, 0.0, 0.0, 0.0, 0.0, 0.0, 0.0, 0.0, 0.0, 0.0, 0.0, 0.0, 0.0, 0.0, 0.0, 0.0, 0.0, 0.0], "bins": [-0.008560117334127426, -0.008560117334127426, -0.008560117334127426, -0.008560117334127426, -0.008560117334127426, -0.008560117334127426, -0.008560117334127426, -0.008560117334127426, -0.008560117334127426, -0.008560117334127426, -0.008560117334127426, -0.008560117334127426, -0.008560117334127426, -0.008560117334127426, -0.008560117334127426, -0.008560117334127426, -0.008560117334127426, -0.008560117334127426, -0.008560117334127426, -0.008560117334127426, -0.008560117334127426, -0.008560117334127426, -0.008560117334127426, -0.008560117334127426, -0.008560117334127426, -0.008560117334127426, -0.008560117334127426, -0.008560117334127426, -0.008560117334127426, -0.008560117334127426, -0.008560117334127426, -0.008560117334127426, -0.008560117334127426, -0.008560117334127426, -0.008560117334127426, -0.008560117334127426, -0.008560117334127426, -0.008560117334127426, -0.008560117334127426, -0.008560117334127426, -0.008560117334127426, -0.008560117334127426, -0.008560117334127426, -0.008560117334127426, -0.008560117334127426, -0.008560117334127426, -0.008560117334127426, -0.008560117334127426, -0.008560117334127426, -0.008560117334127426, -0.008560117334127426, -0.008560117334127426, -0.008560117334127426, -0.008560117334127426, -0.008560117334127426, -0.008560117334127426, -0.008560117334127426, -0.008560117334127426, -0.008560117334127426, -0.008560117334127426, -0.008560117334127426, -0.008560117334127426, -0.008560117334127426, -0.008560117334127426, -0.008560117334127426]}, "gradients/action_net.weight": {"_type": "histogram", "values": [1.0, 1.0, 0.0, 0.0, 0.0, 0.0, 0.0, 0.0, 0.0, 0.0, 0.0, 0.0, 0.0, 0.0, 1.0, 0.0, 0.0, 0.0, 0.0, 0.0, 0.0, 1.0, 0.0, 0.0, 0.0, 0.0, 0.0, 0.0, 0.0, 1.0, 0.0, 0.0, 0.0, 0.0, 1.0, 0.0, 0.0, 0.0, 0.0, 0.0, 0.0, 0.0, 0.0, 1.0, 0.0, 0.0, 0.0, 0.0, 0.0, 0.0, 0.0, 0.0, 0.0, 0.0, 1.0, 0.0, 0.0, 0.0, 0.0, 0.0, 0.0, 1.0, 0.0, 1.0],