{"gradients/value_net.bias": {"_type": "histogram", "values": [0.0, 0.0, 0.0, 0.0, 0.0, 0.0, 0.0, 0.0, 0.0, 0.0, 0.0, 0.0, 0.0, 0.0, 0.0, 0.0, 0.0, 0.0, 0.0, 0.0, 0.0, 0.0, 0.0, 0.0, 0.0, 0.0, 0.0, 0.0, 0.0, 0.0, 0.0, 0.0, 1.0, 0.0, 0.0, 0.0, 0.0, 0.0, 0.0, 0.0, 0.0, 0.0, 0.0, 0.0, 0.0, 0.0, 0.0, 0.0, 0.0, 0.0, 0.0, 0.0, 0.0, 0.0, 0.0, 0.0, 0.0, 0.0, 0.0, 0.0, 0.0, 0.0, 0.0, 0.0], "bins": [-0.011783141642808914, -0.011783141642808914, -0.011783141642808914, -0.011783141642808914, -0.011783141642808914, -0.011783141642808914, -0.011783141642808914, -0.011783141642808914, -0.011783141642808914, -0.011783141642808914, -0.011783141642808914, -0.011783141642808914, -0.011783141642808914, -0.011783141642808914, -0.011783141642808914, -0.011783141642808914, -0.011783141642808914, -0.011783141642808914, -0.011783141642808914, -0.011783141642808914, -0.011783141642808914, -0.011783141642808914, -0.011783141642808914, -0.011783141642808914, -0.011783141642808914, -0.011783141642808914, -0.011783141642808914, -0.011783141642808914, -0.011783141642808914, -0.011783141642808914, -0.011783141642808914, -0.011783141642808914, -0.011783141642808914, -0.011783141642808914, -0.011783141642808914, -0.011783141642808914, -0.011783141642808914, -0.011783141642808914, -0.011783141642808914, -0.011783141642808914, -0.011783141642808914, -0.011783141642808914, -0.011783141642808914, -0.011783141642808914, -0.011783141642808914, -0.011783141642808914, -0.011783141642808914, -0.011783141642808914, -0.011783141642808914, -0.011783141642808914, -0.011783141642808914, -0.011783141642808914, -0.011783141642808914, -0.011783141642808914, -0.011783141642808914, -0.011783141642808914, -0.011783141642808914, -0.011783141642808914, -0.011783141642808914, -0.011783141642808914, -0.011783141642808914, -0.011783141642808914, -0.011783141642808914, -0.011783141642808914, -0.011783141642808914]}, "gradients/value_net.weight": {"_type": "histogram", "values": [1.0, 0.0, 0.0, 1.0, 0.0, 0.0, 0.0, 0.0, 0.0, 0.0, 0.0, 0.0, 1.0, 0.0, 0.0, 0.0, 0.0, 0.0, 0.0, 0.0, 0.0, 0.0, 0.0, 0.0, 0.0, 0.0, 0.0, 0.0, 0.0, 0.0, 0.0, 0.0, 0.0, 0.0, 0.0, 0.0, 0.0, 0.0, 0.0, 0.0, 0.0, 0.0, 0.0, 0.0, 0.0, 0.0, 0.0, 0.0, 0.0, 0.0, 0.0, 0.0, 0.0, 0.0, 0.0, 1.0, 0.0, 2.0, 0.0, 1.0, 1.0, 0.0, 0.0, 2.0], "bins": [-0.0014419250655919313, -0.0013976916670799255, -0.0013534582685679197, -0.001309224870055914, -0.00126499158795923, -0.0012207581894472241, -0.0011765247909352183, -0.0011322913924232125, -0.0010880581103265285, -0.0010438247118145227, -0.000999591313302517, -0.000955357972998172, -0.0009111246326938272, -0.0008668912341818213, -0.0008226578356698155, -0.0007784244371578097, -0.0007341910386458039, -0.0006899576401337981, -0.0006457242998294532, -0.0006014909013174474, -0.0005572575610131025, -0.0005130241625010967, -0.0004687907639890909, -0.00042455739458091557, -0.0003803239669650793, -0.00033609059755690396, -0.0002918572281487286, -0.0002476238296367228, -0.00020339046022854745, -0.0001591570908203721, -0.0001149236923083663, -7.069032290019095e-05, -2.6457011699676514e-05, 1.777636498445645e-05, 6.200974166858941e-05, 0.00010624312562867999, 0.00015047649503685534, 0.0001947098644450307, 0.0002389432629570365, 0.00028317663236521184, 0.0003274099435657263, 0.00037164331297390163, 0.000415876682382077, 0.0004601100808940828, 0.0005043434211984277, 0.0005485768197104335, 0.0005928102182224393, 0.0006370436167344451, 0.0006812770152464509, 0.0007255104137584567, 0.0007697437540628016, 0.0008139771525748074, 0.0008582104928791523, 0.0009024438913911581, 0.0009466772899031639, 0.0009909106884151697, 0.0010351440869271755, 0.0010793774854391813, 0.0011236108839511871, 0.001167844282463193, 0.001212077564559877, 0.0012563109630718827, 0.0013005443615838885, 0.0013447777600958943, 0.0013890110421925783]}, "gradients/log_std": {"_type": "histogram", "values": [0.0, 0.0, 0.0, 0.0, 0.0, 0.0, 0.0, 0.0, 0.0, 0.0, 0.0, 0.0, 0.0, 0.0, 0.0, 0.0, 0.0, 0.0, 0.0, 0.0, 0.0, 0.0, 0.0, 0.0, 0.0, 0.0, 0.0, 0.0, 0.0, 0.0, 0.0, 0.0, 1.0, 0.0, 0.0, 0.0, 0.0, 0.0, 0.0, 0.0, 0.0, 0.0, 0.0, 0.0, 0.0, 0.0, 0.0, 0.0, 0.0, 0.0, 0.0, 0.0, 0.0, 0.0, 0.0, 0.0, 0.0, 0.0, 0.0, 0.0, 0.0, 0.0, 0.0, 0.0], "bins": [-0.015273562632501125, -0.015273562632501125, -0.015273562632501125, -0.015273562632501125, -0.015273562632501125, -0.015273562632501125, -0.015273562632501125, -0.015273562632501125, -0.015273562632501125, -0.015273562632501125, -0.015273562632501125, -0.015273562632501125, -0.015273562632501125, -0.015273562632501125, -0.015273562632501125, -0.015273562632501125, -0.015273562632501125, -0.015273562632501125, -0.015273562632501125, -0.015273562632501125, -0.015273562632501125, -0.015273562632501125, -0.015273562632501125, -0.015273562632501125, -0.015273562632501125, -0.015273562632501125, -0.015273562632501125, -0.015273562632501125, -0.015273562632501125, -0.015273562632501125, -0.015273562632501125, -0.015273562632501125, -0.015273562632501125, -0.015273562632501125, -0.015273562632501125, -0.015273562632501125, -0.015273562632501125, -0.015273562632501125, -0.015273562632501125, -0.015273562632501125, -0.015273562632501125, -0.015273562632501125, -0.015273562632501125, -0.015273562632501125, -0.015273562632501125, -0.015273562632501125, -0.015273562632501125, -0.015273562632501125, -0.015273562632501125, -0.015273562632501125, -0.015273562632501125, -0.015273562632501125, -0.015273562632501125, -0.015273562632501125, -0.015273562632501125, -0.015273562632501125, -0.015273562632501125, -0.015273562632501125, -0.015273562632501125, -0.015273562632501125, -0.015273562632501125, -0.015273562632501125, -0.015273562632501125, -0.015273562632501125, -0.015273562632501125]}, "gradients/action_net.bias": {"_type": "histogram", "values": [0.0, 0.0, 0.0, 0.0, 0.0, 0.0, 0.0, 0.0, 0.0, 0.0, 0.0, 0.0, 0.0, 0.0, 0.0, 0.0, 0.0, 0.0, 0.0, 0.0, 0.0, 0.0, 0.0, 0.0, 0.0, 0.0, 0.0, 0.0, 0.0, 0.0, 0.0, 0.0, 1.0, 0.0, 0.0, 0.0, 0.0, 0.0, 0.0, 0.0, 0.0, 0.0, 0.0, 0.0, 0.0, 0.0, 0.0, 0.0, 0.0, 0.0, 0.0, 0.0, 0.0, 0.0, 0.0, 0.0, 0.0, 0.0, 0.0, 0.0, 0.0, 0.0, 0.0, 0.0], "bins": [0.00464229891076684, 0.00464229891076684, 0.00464229891076684, 0.00464229891076684, 0.00464229891076684, 0.00464229891076684, 0.00464229891076684, 0.00464229891076684, 0.00464229891076684, 0.00464229891076684, 0.00464229891076684, 0.00464229891076684, 0.00464229891076684, 0.00464229891076684, 0.00464229891076684, 0.00464229891076684, 0.00464229891076684, 0.00464229891076684, 0.00464229891076684, 0.00464229891076684, 0.00464229891076684, 0.00464229891076684, 0.00464229891076684, 0.00464229891076684, 0.00464229891076684, 0.00464229891076684, 0.00464229891076684, 0.00464229891076684, 0.00464229891076684, 0.00464229891076684, 0.00464229891076684, 0.00464229891076684, 0.00464229891076684, 0.00464229891076684, 0.00464229891076684, 0.00464229891076684, 0.00464229891076684, 0.00464229891076684, 0.00464229891076684, 0.00464229891076684, 0.00464229891076684, 0.00464229891076684, 0.00464229891076684, 0.00464229891076684, 0.00464229891076684, 0.00464229891076684, 0.00464229891076684, 0.00464229891076684, 0.00464229891076684, 0.00464229891076684, 0.00464229891076684, 0.00464229891076684, 0.00464229891076684, 0.00464229891076684, 0.00464229891076684, 0.00464229891076684, 0.00464229891076684, 0.00464229891076684, 0.00464229891076684, 0.00464229891076684, 0.00464229891076684, 0.00464229891076684, 0.00464229891076684, 0.00464229891076684, 0.00464229891076684]}, "gradients/action_net.weight": {"_type": "histogram", "values": [1.0, 0.0, 0.0, 0.0, 0.0, 0.0, 0.0, 1.0, 0.0, 0.0, 0.0, 0.0, 0.0, 0.0, 0.0, 0.0, 0.0, 0.0, 0.0, 0.0, 1.0, 0.0, 0.0, 0.0, 1.0, 0.0, 0.0, 0.0, 0.0, 0.0, 0.0, 0.0, 0.0, 0.0, 0.0, 0.0, 0.0, 0.0, 0.0, 0.0, 0.0, 0.0, 0.0, 0.0, 0.0, 0.0, 0.0, 0.0, 0.0, 0.0, 0.0, 0.0, 1.0, 0.0, 0.0, 0.0, 2.0, 0.0, 1.0, 0.0, 0.0, 0.0, 0.0, 2.0],